"Date","DayOfWeek","PostType","Icon","Description","Hashtags","Status","Link","Views","Comments"
"2026-06-01","Monday","Opinion","💭","Quan điểm cá nhân","#WonderSummer2026 #VinWonders #GreenCreator #HeLaPhaiDiVinWonders","Pending","","0","0"
"2026-06-02","Tuesday","Debate","🗣️","Tạo tranh luận","#WonderSummer2026 #VinWonders #GreenCreator #HeLaPhaiDiVinWonders","Pending","","0","0"
"2026-06-03","Wednesday","FOMO","🔥","Kích thích trải nghiệm","#WonderSummer2026 #VinWonders #GreenCreator #HeLaPhaiDiVinWonders","Pending","","0","0"
"2026-06-04","Thursday","Storytelling","📖","Kể chuyện","#WonderSummer2026 #VinWonders #GreenCreator #HeLaPhaiDiVinWonders","Pending","","0","0"
"2026-06-05","Friday","Thrilling","🎢","Cảm giác mạnh","#WonderSummer2026 #VinWonders #GreenCreator #HeLaPhaiDiVinWonders","Pending","","0","0"
"2026-06-06","Saturday","Opinion","💭","Quan điểm cá nhân","#WonderSummer2026 #VinWonders #GreenCreator #HeLaPhaiDiVinWonders","Pending","","0","0"
"2026-06-07","Sunday","Debate","🗣️","Tạo tranh luận","#WonderSummer2026 #VinWonders #GreenCreator #HeLaPhaiDiVinWonders","Pending","","0","0"
"2026-06-08","Monday","FOMO","🔥","Kích thích trải nghiệm","#WonderSummer2026 #VinWonders #GreenCreator #HeLaPhaiDiVinWonders","Pending","","0","0"
"2026-06-09","Tuesday","Storytelling","📖","Kể chuyện","#WonderSummer2026 #VinWonders #GreenCreator #HeLaPhaiDiVinWonders","Pending","","0","0"
"2026-06-10","Wednesday","Thrilling","🎢","Cảm giác mạnh","#WonderSummer2026 #VinWonders #GreenCreator #HeLaPhaiDiVinWonders","Pending","","0","0"
"2026-06-11","Thursday","Opinion","💭","Quan điểm cá nhân","#WonderSummer2026 #VinWonders #GreenCreator #HeLaPhaiDiVinWonders","Pending","","0","0"
"2026-06-12","Friday","Debate","🗣️","Tạo tranh luận","#WonderSummer2026 #VinWonders #GreenCreator #HeLaPhaiDiVinWonders","Pending","","0","0"
"2026-06-13","Saturday","FOMO","🔥","Kích thích trải nghiệm","#WonderSummer2026 #VinWonders #GreenCreator #HeLaPhaiDiVinWonders","Pending","","0","0"
"2026-06-14","Sunday","Storytelling","📖","Kể chuyện","#WonderSummer2026 #VinWonders #GreenCreator #HeLaPhaiDiVinWonders","Pending","","0","0"
"2026-06-15","Monday","Thrilling","🎢","Cảm giác mạnh","#WonderSummer2026 #VinWonders #GreenCreator #HeLaPhaiDiVinWonders","Pending","","0","0"
"2026-06-16","Tuesday","Opinion","💭","Quan điểm cá nhân","#WonderSummer2026 #VinWonders #GreenCreator #HeLaPhaiDiVinWonders","Pending","","0","0"
"2026-06-17","Wednesday","Debate","🗣️","Tạo tranh luận","#WonderSummer2026 #VinWonders #GreenCreator #HeLaPhaiDiVinWonders","Pending","","0","0"
"2026-06-18","Thursday","FOMO","🔥","Kích thích trải nghiệm","#WonderSummer2026 #VinWonders #GreenCreator #HeLaPhaiDiVinWonders","Pending","","0","0"
"2026-06-19","Friday","Storytelling","📖","Kể chuyện","#WonderSummer2026 #VinWonders #GreenCreator #HeLaPhaiDiVinWonders","Pending","","0","0"
"2026-06-20","Saturday","Thrilling","🎢","Cảm giác mạnh","#WonderSummer2026 #VinWonders #GreenCreator #HeLaPhaiDiVinWonders","Pending","","0","0"
"2026-06-21","Sunday","Opinion","💭","Quan điểm cá nhân","#WonderSummer2026 #VinWonders #GreenCreator #HeLaPhaiDiVinWonders","Pending","","0","0"
"2026-06-22","Monday","Debate","🗣️","Tạo tranh luận","#WonderSummer2026 #VinWonders #GreenCreator #HeLaPhaiDiVinWonders","Pending","","0","0"
"2026-06-23","Tuesday","FOMO","🔥","Kích thích trải nghiệm","#WonderSummer2026 #VinWonders #GreenCreator #HeLaPhaiDiVinWonders","Pending","","0","0"
"2026-06-24","Wednesday","Storytelling","📖","Kể chuyện","#WonderSummer2026 #VinWonders #GreenCreator #HeLaPhaiDiVinWonders","Pending","","0","0"
"2026-06-25","Thursday","Thrilling","🎢","Cảm giác mạnh","#WonderSummer2026 #VinWonders #GreenCreator #HeLaPhaiDiVinWonders","Pending","","0","0"
"2026-06-26","Friday","Opinion","💭","Quan điểm cá nhân","#WonderSummer2026 #VinWonders #GreenCreator #HeLaPhaiDiVinWonders","Pending","","0","0"
"2026-06-27","Saturday","Debate","🗣️","Tạo tranh luận","#WonderSummer2026 #VinWonders #GreenCreator #HeLaPhaiDiVinWonders","Pending","","0","0"
"2026-06-28","Sunday","FOMO","🔥","Kích thích trải nghiệm","#WonderSummer2026 #VinWonders #GreenCreator #HeLaPhaiDiVinWonders","Pending","","0","0"
"2026-06-29","Monday","Storytelling","📖","Kể chuyện","#WonderSummer2026 #VinWonders #GreenCreator #HeLaPhaiDiVinWonders","Pending","","0","0"
"2026-06-30","Tuesday","Thrilling","🎢","Cảm giác mạnh","#WonderSummer2026 #VinWonders #GreenCreator #HeLaPhaiDiVinWonders","Pending","","0","0"
