"Date","DayOfWeek","Type","Hashtag","Status","Link","Views","Comments"
"13/04/2026","Monday","Opinion","#GocNhinCaNhan","Pending","","0","0"
"14/04/2026","Tuesday","Debate","#TranhLuan","Pending","","0","0"
"15/04/2026","Wednesday","FOMO","#MuonDiNgay","Pending","","0","0"
"16/04/2026","Thursday","Storytelling","#ChuyenKe","Pending","","0","0"
"17/04/2026","Friday","Thrilling","#CamGiacManh","Pending","","0","0"
"18/04/2026","Saturday","FOMO","#CuoiTuanVuiVe","Pending","","0","0"
"19/04/2026","Sunday","Opinion","#ChiaSeThat","Pending","","0","0"
"20/04/2026","Monday","Opinion","#GocNhinCaNhan","Pending","","0","0"
"21/04/2026","Tuesday","Debate","#TranhLuan","Pending","","0","0"
"22/04/2026","Wednesday","FOMO","#MuonDiNgay","Pending","","0","0"
"23/04/2026","Thursday","Storytelling","#ChuyenKe","Pending","","0","0"
"24/04/2026","Friday","Thrilling","#CamGiacManh","Pending","","0","0"
"25/04/2026","Saturday","FOMO","#CuoiTuanVuiVe","Pending","","0","0"
"26/04/2026","Sunday","Opinion","#ChiaSeThat","Pending","","0","0"
"27/04/2026","Monday","Opinion","#GocNhinCaNhan","Pending","","0","0"
"28/04/2026","Tuesday","Debate","#TranhLuan","Pending","","0","0"
"29/04/2026","Wednesday","FOMO","#MuonDiNgay","Pending","","0","0"
"30/04/2026","Thursday","Storytelling","#ChuyenKe","Pending","","0","0"
"01/05/2026","Friday","Thrilling","#CamGiacManh","Pending","","0","0"
"02/05/2026","Saturday","FOMO","#CuoiTuanVuiVe","Pending","","0","0"
"03/05/2026","Sunday","Opinion","#ChiaSeThat","Pending","","0","0"
"04/05/2026","Monday","Opinion","#GocNhinCaNhan","Pending","","0","0"
"05/05/2026","Tuesday","Debate","#TranhLuan","Pending","","0","0"
"06/05/2026","Wednesday","FOMO","#MuonDiNgay","Pending","","0","0"
"07/05/2026","Thursday","Storytelling","#ChuyenKe","Pending","","0","0"
"08/05/2026","Friday","Thrilling","#CamGiacManh","Pending","","0","0"
"09/05/2026","Saturday","FOMO","#CuoiTuanVuiVe","Pending","","0","0"
"10/05/2026","Sunday","Opinion","#ChiaSeThat","Pending","","0","0"
"11/05/2026","Monday","Opinion","#GocNhinCaNhan","Pending","","0","0"
"12/05/2026","Tuesday","Debate","#TranhLuan","Pending","","0","0"
"13/05/2026","Wednesday","FOMO","#MuonDiNgay","Pending","","0","0"
"14/05/2026","Thursday","Storytelling","#ChuyenKe","Pending","","0","0"
"15/05/2026","Friday","Thrilling","#CamGiacManh","Pending","","0","0"
"16/05/2026","Saturday","FOMO","#CuoiTuanVuiVe","Pending","","0","0"
"17/05/2026","Sunday","Opinion","#ChiaSeThat","Pending","","0","0"
"18/05/2026","Monday","Opinion","#GocNhinCaNhan","Pending","","0","0"
"19/05/2026","Tuesday","Debate","#TranhLuan","Pending","","0","0"
"20/05/2026","Wednesday","FOMO","#MuonDiNgay","Pending","","0","0"
"21/05/2026","Thursday","Storytelling","#ChuyenKe","Pending","","0","0"
"22/05/2026","Friday","Thrilling","#CamGiacManh","Pending","","0","0"
"23/05/2026","Saturday","FOMO","#CuoiTuanVuiVe","Pending","","0","0"
"24/05/2026","Sunday","Opinion","#ChiaSeThat","Pending","","0","0"
"25/05/2026","Monday","Opinion","#GocNhinCaNhan","Pending","","0","0"
"26/05/2026","Tuesday","Debate","#TranhLuan","Pending","","0","0"
"27/05/2026","Wednesday","FOMO","#MuonDiNgay","Pending","","0","0"
"28/05/2026","Thursday","Storytelling","#ChuyenKe","Pending","","0","0"
"29/05/2026","Friday","Thrilling","#CamGiacManh","Pending","","0","0"
"30/05/2026","Saturday","FOMO","#CuoiTuanVuiVe","Pending","","0","0"
"31/05/2026","Sunday","Opinion","#ChiaSeThat","Pending","","0","0"
"01/06/2026","Monday","Opinion","#GocNhinCaNhan","Pending","","0","0"
"02/06/2026","Tuesday","Debate","#TranhLuan","Pending","","0","0"
"03/06/2026","Wednesday","FOMO","#MuonDiNgay","Pending","","0","0"
"04/06/2026","Thursday","Storytelling","#ChuyenKe","Pending","","0","0"
"05/06/2026","Friday","Thrilling","#CamGiacManh","Pending","","0","0"
"06/06/2026","Saturday","FOMO","#CuoiTuanVuiVe","Pending","","0","0"
"07/06/2026","Sunday","Opinion","#ChiaSeThat","Pending","","0","0"
"08/06/2026","Monday","Opinion","#GocNhinCaNhan","Pending","","0","0"
"09/06/2026","Tuesday","Debate","#TranhLuan","Pending","","0","0"
"10/06/2026","Wednesday","FOMO","#MuonDiNgay","Pending","","0","0"
"11/06/2026","Thursday","Storytelling","#ChuyenKe","Pending","","0","0"
"12/06/2026","Friday","Thrilling","#CamGiacManh","Pending","","0","0"
"13/06/2026","Saturday","FOMO","#CuoiTuanVuiVe","Pending","","0","0"
"14/06/2026","Sunday","Opinion","#ChiaSeThat","Pending","","0","0"
"15/06/2026","Monday","Opinion","#GocNhinCaNhan","Pending","","0","0"
"16/06/2026","Tuesday","Debate","#TranhLuan","Pending","","0","0"
"17/06/2026","Wednesday","FOMO","#MuonDiNgay","Pending","","0","0"
"18/06/2026","Thursday","Storytelling","#ChuyenKe","Pending","","0","0"
"19/06/2026","Friday","Thrilling","#CamGiacManh","Pending","","0","0"
"20/06/2026","Saturday","FOMO","#CuoiTuanVuiVe","Pending","","0","0"
"21/06/2026","Sunday","Opinion","#ChiaSeThat","Pending","","0","0"
"22/06/2026","Monday","Opinion","#GocNhinCaNhan","Pending","","0","0"
"23/06/2026","Tuesday","Debate","#TranhLuan","Pending","","0","0"
"24/06/2026","Wednesday","FOMO","#MuonDiNgay","Pending","","0","0"
"25/06/2026","Thursday","Storytelling","#ChuyenKe","Pending","","0","0"
"26/06/2026","Friday","Thrilling","#CamGiacManh","Pending","","0","0"
"27/06/2026","Saturday","FOMO","#CuoiTuanVuiVe","Pending","","0","0"
"28/06/2026","Sunday","Opinion","#ChiaSeThat","Pending","","0","0"
"29/06/2026","Monday","Opinion","#GocNhinCaNhan","Pending","","0","0"
"30/06/2026","Tuesday","Debate","#TranhLuan","Pending","","0","0"
"01/07/2026","Wednesday","FOMO","#MuonDiNgay","Pending","","0","0"
"02/07/2026","Thursday","Storytelling","#ChuyenKe","Pending","","0","0"
"03/07/2026","Friday","Thrilling","#CamGiacManh","Pending","","0","0"
"04/07/2026","Saturday","FOMO","#CuoiTuanVuiVe","Pending","","0","0"
"05/07/2026","Sunday","Opinion","#ChiaSeThat","Pending","","0","0"
"06/07/2026","Monday","Opinion","#GocNhinCaNhan","Pending","","0","0"
"07/07/2026","Tuesday","Debate","#TranhLuan","Pending","","0","0"
"08/07/2026","Wednesday","FOMO","#MuonDiNgay","Pending","","0","0"
"09/07/2026","Thursday","Storytelling","#ChuyenKe","Pending","","0","0"
"10/07/2026","Friday","Thrilling","#CamGiacManh","Pending","","0","0"
"11/07/2026","Saturday","FOMO","#CuoiTuanVuiVe","Pending","","0","0"
"12/07/2026","Sunday","Opinion","#ChiaSeThat","Pending","","0","0"
"13/07/2026","Monday","Opinion","#GocNhinCaNhan","Pending","","0","0"
"14/07/2026","Tuesday","Debate","#TranhLuan","Pending","","0","0"
"15/07/2026","Wednesday","FOMO","#MuonDiNgay","Pending","","0","0"
"16/07/2026","Thursday","Storytelling","#ChuyenKe","Pending","","0","0"
"17/07/2026","Friday","Thrilling","#CamGiacManh","Pending","","0","0"
"18/07/2026","Saturday","FOMO","#CuoiTuanVuiVe","Pending","","0","0"
"19/07/2026","Sunday","Opinion","#ChiaSeThat","Pending","","0","0"
"20/07/2026","Monday","Opinion","#GocNhinCaNhan","Pending","","0","0"
"21/07/2026","Tuesday","Debate","#TranhLuan","Pending","","0","0"
"22/07/2026","Wednesday","FOMO","#MuonDiNgay","Pending","","0","0"
"23/07/2026","Thursday","Storytelling","#ChuyenKe","Pending","","0","0"
"24/07/2026","Friday","Thrilling","#CamGiacManh","Pending","","0","0"
"25/07/2026","Saturday","FOMO","#CuoiTuanVuiVe","Pending","","0","0"
"26/07/2026","Sunday","Opinion","#ChiaSeThat","Pending","","0","0"
"27/07/2026","Monday","Opinion","#GocNhinCaNhan","Pending","","0","0"
"28/07/2026","Tuesday","Debate","#TranhLuan","Pending","","0","0"
"29/07/2026","Wednesday","FOMO","#MuonDiNgay","Pending","","0","0"
"30/07/2026","Thursday","Storytelling","#ChuyenKe","Pending","","0","0"
"31/07/2026","Friday","Thrilling","#CamGiacManh","Pending","","0","0"
"01/08/2026","Saturday","FOMO","#CuoiTuanVuiVe","Pending","","0","0"
"02/08/2026","Sunday","Opinion","#ChiaSeThat","Pending","","0","0"
"03/08/2026","Monday","Opinion","#GocNhinCaNhan","Pending","","0","0"
"04/08/2026","Tuesday","Debate","#TranhLuan","Pending","","0","0"
"05/08/2026","Wednesday","FOMO","#MuonDiNgay","Pending","","0","0"
"06/08/2026","Thursday","Storytelling","#ChuyenKe","Pending","","0","0"
"07/08/2026","Friday","Thrilling","#CamGiacManh","Pending","","0","0"
"08/08/2026","Saturday","FOMO","#CuoiTuanVuiVe","Pending","","0","0"
"09/08/2026","Sunday","Opinion","#ChiaSeThat","Pending","","0","0"
"10/08/2026","Monday","Opinion","#GocNhinCaNhan","Pending","","0","0"
"11/08/2026","Tuesday","Debate","#TranhLuan","Pending","","0","0"
"12/08/2026","Wednesday","FOMO","#MuonDiNgay","Pending","","0","0"
"13/08/2026","Thursday","Storytelling","#ChuyenKe","Pending","","0","0"
"14/08/2026","Friday","Thrilling","#CamGiacManh","Pending","","0","0"
"15/08/2026","Saturday","FOMO","#CuoiTuanVuiVe","Pending","","0","0"
"16/08/2026","Sunday","Opinion","#ChiaSeThat","Pending","","0","0"
"17/08/2026","Monday","Opinion","#GocNhinCaNhan","Pending","","0","0"
"18/08/2026","Tuesday","Debate","#TranhLuan","Pending","","0","0"
"19/08/2026","Wednesday","FOMO","#MuonDiNgay","Pending","","0","0"
"20/08/2026","Thursday","Storytelling","#ChuyenKe","Pending","","0","0"
"21/08/2026","Friday","Thrilling","#CamGiacManh","Pending","","0","0"
"22/08/2026","Saturday","FOMO","#CuoiTuanVuiVe","Pending","","0","0"
"23/08/2026","Sunday","Opinion","#ChiaSeThat","Pending","","0","0"
"24/08/2026","Monday","Opinion","#GocNhinCaNhan","Pending","","0","0"
"25/08/2026","Tuesday","Debate","#TranhLuan","Pending","","0","0"
"26/08/2026","Wednesday","FOMO","#MuonDiNgay","Pending","","0","0"
"27/08/2026","Thursday","Storytelling","#ChuyenKe","Pending","","0","0"
"28/08/2026","Friday","Thrilling","#CamGiacManh","Pending","","0","0"
"29/08/2026","Saturday","FOMO","#CuoiTuanVuiVe","Pending","","0","0"
"30/08/2026","Sunday","Opinion","#ChiaSeThat","Pending","","0","0"
"31/08/2026","Monday","Opinion","#GocNhinCaNhan","Pending","","0","0"
